<application>
  <component name="DefaultFont">
    <option name="FONT_SIZE" value="18" />
    <option name="FONT_FAMILY" value="Consolas-with-Yahei" />
    <option name="LINE_SPACING" value="0.9" />
  </component>
  <component name="EditorSettings">
    <option name="languageBreadcrumbsMap">
      <map>
        <entry key="CSS" value="false" />
        <entry key="HTML" value="false" />
        <entry key="Haml" value="false" />
        <entry key="JSON" value="false" />
        <entry key="JavaScript" value="false" />
        <entry key="LESS" value="false" />
        <entry key="Python" value="true" />
        <entry key="SASS" value="false" />
        <entry key="SCSS" value="false" />
        <entry key="Stylus" value="false" />
        <entry key="TypeScript" value="false" />
        <entry key="XHTML" value="false" />
        <entry key="XML" value="false" />
        <entry key="yaml" value="false" />
      </map>
    </option>
    <option name="USE_SOFT_WRAPS" value="CONSOLE" />
    <option name="IS_WHEEL_FONTCHANGE_ENABLED" value="true" />
  </component>
</application>