<application>
  <component name="GeneralSettings">
    <option name="confirmExit" value="false" />
    <option name="processCloseConfirmation" value="TERMINATE" />
    <option name="autoSaveFiles" value="false" />
    <option name="showTipsOnStartup" value="false" />
    <option name="autoSyncFiles" value="false" />
  </component>
  <component name="Registry">
    <entry key="ide.suppress.double.click.handler" value="true" />
    <entry key="debugger.watches.in.variables" value="false" />
  </component>
</application>