<application>
  <component name="ProjectJdkTable">
    <jdk version="2">
      <name value="Python 3.7 (venv)" />
      <type value="Python SDK" />
      <version value="Python 3.7.2" />
      <homePath value="C:\My_python\Machine_Learning_Action\kNN_algorithm\venv\Scripts\python.exe" />
      <roots>
        <classPath>
          <root type="composite">
            <root url="file://C:/python/DLLs" type="simple" />
            <root url="file://C:/python/Lib" type="simple" />
            <root url="file://C:/python" type="simple" />
            <root url="file://C:/My_python/Machine_Learning_Action/kNN_algorithm/venv" type="simple" />
            <root url="file://C:/My_python/Machine_Learning_Action/kNN_algorithm/venv/Lib/site-packages" type="simple" />
            <root url="file://$USER_HOME$/AppData/Roaming/Python/Python37/site-packages" type="simple" />
            <root url="file://C:/python/Lib/site-packages" type="simple" />
            <root url="file://C:/Python/Lib/site-packages/pip-19.0.3-py3.7.egg" type="simple" />
            <root url="file://$USER_HOME$/.PyCharm2019.1/system/python_stubs/529777571" type="simple" />
            <root url="file://$APPLICATION_HOME_DIR$/helpers/python-skeletons" type="simple" />
            <root url="file://$APPLICATION_HOME_DIR$/helpers/typeshed/stdlib/3" type="simple" />
            <root url="file://$APPLICATION_HOME_DIR$/helpers/typeshed/stdlib/2and3" type="simple" />
            <root url="file://$APPLICATION_HOME_DIR$/helpers/typeshed/third_party/3" type="simple" />
            <root url="file://$APPLICATION_HOME_DIR$/helpers/typeshed/third_party/2and3" type="simple" />
          </root>
        </classPath>
        <sourcePath>
          <root type="composite" />
        </sourcePath>
      </roots>
      <additional ASSOCIATED_PROJECT_PATH="C:/My_python/Bigdata_month_game" />
    </jdk>
    <jdk version="2">
      <name value="Python 3.7 (Bigdata_month_game)" />
      <type value="Python SDK" />
      <version value="Python 3.7.2" />
      <homePath value="C:\Python\python.exe" />
      <roots>
        <classPath>
          <root type="composite">
            <root url="file://C:/python/DLLs" type="simple" />
            <root url="file://C:/python/Lib" type="simple" />
            <root url="file://C:/python" type="simple" />
            <root url="file://$USER_HOME$/AppData/Roaming/Python/Python37/site-packages" type="simple" />
            <root url="file://C:/python/Lib/site-packages" type="simple" />
            <root url="file://C:/Python/Lib/site-packages/pip-19.0.3-py3.7.egg" type="simple" />
            <root url="file://$USER_HOME$/.PyCharm2019.1/system/python_stubs/-234514117" type="simple" />
            <root url="file://$APPLICATION_HOME_DIR$/helpers/python-skeletons" type="simple" />
            <root url="file://$APPLICATION_HOME_DIR$/helpers/typeshed/stdlib/3" type="simple" />
            <root url="file://$APPLICATION_HOME_DIR$/helpers/typeshed/stdlib/2and3" type="simple" />
            <root url="file://$APPLICATION_HOME_DIR$/helpers/typeshed/third_party/3" type="simple" />
            <root url="file://$APPLICATION_HOME_DIR$/helpers/typeshed/third_party/2and3" type="simple" />
          </root>
        </classPath>
        <sourcePath>
          <root type="composite" />
        </sourcePath>
      </roots>
      <additional />
    </jdk>
    <jdk version="2">
      <name value="Python 3.7 (PythonApplication)" />
      <type value="Python SDK" />
      <version value="Python 3.7.2" />
      <homePath value="C:\My_python\PythonApplication\venv\Scripts\python.exe" />
      <roots>
        <classPath>
          <root type="composite">
            <root url="file://C:/python/DLLs" type="simple" />
            <root url="file://C:/python/Lib" type="simple" />
            <root url="file://C:/python" type="simple" />
            <root url="file://C:/My_python/PythonApplication/venv" type="simple" />
            <root url="file://C:/My_python/PythonApplication/venv/Lib/site-packages" type="simple" />
            <root url="jar://C:/My_python/PythonApplication/venv/Lib/site-packages/setuptools-40.8.0-py3.7.egg!/" type="simple" />
            <root url="file://C:/My_python/PythonApplication/venv/Lib/site-packages/pip-19.0.3-py3.7.egg" type="simple" />
            <root url="file://$USER_HOME$/.PyCharm2019.1/system/python_stubs/-1561210260" type="simple" />
            <root url="file://$APPLICATION_HOME_DIR$/helpers/python-skeletons" type="simple" />
            <root url="file://$APPLICATION_HOME_DIR$/helpers/typeshed/stdlib/3" type="simple" />
            <root url="file://$APPLICATION_HOME_DIR$/helpers/typeshed/stdlib/2and3" type="simple" />
            <root url="file://$APPLICATION_HOME_DIR$/helpers/typeshed/third_party/3" type="simple" />
            <root url="file://$APPLICATION_HOME_DIR$/helpers/typeshed/third_party/2and3" type="simple" />
          </root>
        </classPath>
        <sourcePath>
          <root type="composite" />
        </sourcePath>
      </roots>
      <additional ASSOCIATED_PROJECT_PATH="C:/My_python/PythonApplication" />
    </jdk>
    <jdk version="2">
      <name value="Python 3.7 (AdaBoost)" />
      <type value="Python SDK" />
      <version value="Python 3.7.2" />
      <homePath value="C:\My_python\AdaBoost\venv\Scripts\python.exe" />
      <roots>
        <classPath>
          <root type="composite">
            <root url="file://C:/python/DLLs" type="simple" />
            <root url="file://C:/python/Lib" type="simple" />
            <root url="file://C:/python" type="simple" />
            <root url="file://C:/My_python/AdaBoost/venv" type="simple" />
            <root url="file://C:/My_python/AdaBoost/venv/Lib/site-packages" type="simple" />
            <root url="jar://C:/My_python/AdaBoost/venv/Lib/site-packages/setuptools-40.8.0-py3.7.egg!/" type="simple" />
            <root url="file://C:/My_python/AdaBoost/venv/Lib/site-packages/pip-19.0.3-py3.7.egg" type="simple" />
            <root url="file://$USER_HOME$/.PyCharm2019.1/system/python_stubs/420815789" type="simple" />
            <root url="file://$APPLICATION_HOME_DIR$/helpers/python-skeletons" type="simple" />
            <root url="file://$APPLICATION_HOME_DIR$/helpers/typeshed/stdlib/3" type="simple" />
            <root url="file://$APPLICATION_HOME_DIR$/helpers/typeshed/stdlib/2and3" type="simple" />
            <root url="file://$APPLICATION_HOME_DIR$/helpers/typeshed/third_party/3" type="simple" />
            <root url="file://$APPLICATION_HOME_DIR$/helpers/typeshed/third_party/2and3" type="simple" />
          </root>
        </classPath>
        <sourcePath>
          <root type="composite" />
        </sourcePath>
      </roots>
      <additional ASSOCIATED_PROJECT_PATH="C:/My_python/AdaBoost" />
    </jdk>
    <jdk version="2">
      <name value="Python 3.7 (linear_regression)" />
      <type value="Python SDK" />
      <version value="Python 3.7.2" />
      <homePath value="D:\My_python\Machine_Learning_Action\linear_regression\venv\Scripts\python.exe" />
      <roots>
        <classPath>
          <root type="composite">
            <root url="file://C:/python/DLLs" type="simple" />
            <root url="file://C:/python/Lib" type="simple" />
            <root url="file://C:/python" type="simple" />
            <root url="file://D:/My_python/Machine_Learning_Action/linear_regression/venv" type="simple" />
            <root url="file://D:/My_python/Machine_Learning_Action/linear_regression/venv/Lib/site-packages" type="simple" />
            <root url="jar://D:/My_python/Machine_Learning_Action/linear_regression/venv/Lib/site-packages/setuptools-40.8.0-py3.7.egg!/" type="simple" />
            <root url="file://D:/My_python/Machine_Learning_Action/linear_regression/venv/Lib/site-packages/pip-19.0.3-py3.7.egg" type="simple" />
            <root url="file://$USER_HOME$/.PyCharm2019.1/system/python_stubs/-694925758" type="simple" />
            <root url="file://$APPLICATION_HOME_DIR$/helpers/python-skeletons" type="simple" />
            <root url="file://$APPLICATION_HOME_DIR$/helpers/typeshed/stdlib/3" type="simple" />
            <root url="file://$APPLICATION_HOME_DIR$/helpers/typeshed/stdlib/2and3" type="simple" />
            <root url="file://$APPLICATION_HOME_DIR$/helpers/typeshed/third_party/3" type="simple" />
            <root url="file://$APPLICATION_HOME_DIR$/helpers/typeshed/third_party/2and3" type="simple" />
          </root>
        </classPath>
        <sourcePath>
          <root type="composite" />
        </sourcePath>
      </roots>
      <additional ASSOCIATED_PROJECT_PATH="D:/My_python/Machine_Learning_Action/linear_regression" />
    </jdk>
    <jdk version="2">
      <name value="Python 3.7 (PythonFile)" />
      <type value="Python SDK" />
      <version value="Python 3.7.2" />
      <homePath value="D:\Python\PythonFile\venv\Scripts\python.exe" />
      <roots>
        <classPath>
          <root type="composite">
            <root url="file://C:/python/DLLs" type="simple" />
            <root url="file://C:/python/Lib" type="simple" />
            <root url="file://C:/python" type="simple" />
            <root url="file://D:/Python/PythonFile/venv" type="simple" />
            <root url="file://D:/Python/PythonFile/venv/Lib/site-packages" type="simple" />
            <root url="jar://D:/Python/PythonFile/venv/Lib/site-packages/setuptools-40.8.0-py3.7.egg!/" type="simple" />
            <root url="file://D:/Python/PythonFile/venv/Lib/site-packages/pip-19.0.3-py3.7.egg" type="simple" />
            <root url="file://$USER_HOME$/.PyCharm2019.1/system/python_stubs/-167071486" type="simple" />
            <root url="file://$APPLICATION_HOME_DIR$/helpers/python-skeletons" type="simple" />
            <root url="file://$APPLICATION_HOME_DIR$/helpers/typeshed/stdlib/3" type="simple" />
            <root url="file://$APPLICATION_HOME_DIR$/helpers/typeshed/stdlib/2and3" type="simple" />
            <root url="file://$APPLICATION_HOME_DIR$/helpers/typeshed/third_party/3" type="simple" />
            <root url="file://$APPLICATION_HOME_DIR$/helpers/typeshed/third_party/2and3" type="simple" />
          </root>
        </classPath>
        <sourcePath>
          <root type="composite" />
        </sourcePath>
      </roots>
      <additional ASSOCIATED_PROJECT_PATH="D:/Python/PythonFile" />
    </jdk>
  </component>
</application>