<keymap version="1" name="Visual Studio copy" parent="Visual Studio">
  <action id="Console.Execute.Multiline" />
  <action id="Console.Jdbc.Execute" />
  <action id="DirDiffMenu.SynchronizeDiff.All" />
  <action id="EditorSplitLine" />
  <action id="EditorStartNewLineBefore">
    <keyboard-shortcut first-keystroke="ctrl enter" />
  </action>
  <action id="IpnbRunAllCellsAction" />
  <action id="PyExecuteCellAction" />
  <action id="ReformatCode">
    <keyboard-shortcut first-keystroke="ctrl alt l" />
  </action>
  <action id="RenameElement">
    <keyboard-shortcut first-keystroke="shift f6" />
    <keyboard-shortcut first-keystroke="ctrl r" />
  </action>
  <action id="Run" />
  <action id="RunClass">
    <keyboard-shortcut first-keystroke="ctrl f5" />
  </action>
  <action id="ViewSource" />
</keymap>